name,year,gender,Current Status,I,II,III,IV,V,VI,VII,VIII,IX,X,TotComp,Council Recoded,GPA,Members,Failure
1,2005,1,1,2,1,1,2,2,2,2,1,2,1,16,5,3.14005,113,1
3,2005,0,1,1,0,0,0,2,0,1,2,1,0,7,2,2.5624,32.5,1
4,2005,1,1,2,1,2,2,0,1,1,2,0,0,11,4,3.05965,22,1
6,2005,0,1,2,2,2,2,2,1,1,2,1,1,16,4,2.548995,16.5,1
10,2005,0,1,,,,,,,,,,,,2,3.0326,20,1
11,2005,0,1,1,0,1,0,1,1,1,0,1,0,6,1,2.8656,35,1
14,2005,1,1,1,1,0,0,1,1,1,2,1,1,9,5,3.05885,101,1
15,2005,0,1,2,1,2,2,1,1,2,2,0,2,15,2,2.38193,28.5,1
17,2005,1,1,2,0,2,2,2,1,2,2,1,0,14,5,3.01322,93,1
19,2005,0,1,,,,,,,,,,,,1,2.96778,6,1
23,2005,1,1,2,2,2,2,2,1,1,1,1,0,14,4,2.925525,19.5,1
24,2005,0,1,1,0,2,1,1,1,1,2,2,1,12,2,3.345335,31,1
25,2005,1,1,2,1,2,2,2,2,2,2,1,1,17,5,3.05271,102,1
27,2005,0,1,2,1,2,2,2,2,2,2,0,1,16,2,2.43807,30,1
35,2005,0,1,1,0,0,0,0,1,1,1,0,0,4,2,2.67448,57,1
37,2005,1,1,2,2,2,2,2,2,2,2,2,1,19,1,3.491925,5,1
40,2005,0,1,,,,,,,,,,,,4,1.924685,3.5,1
41,2005,0,1,1,0,2,1,2,1,1,1,0,0,9,4,2.021005,6,1
42,2005,0,1,1,0,0,0,1,1,1,2,1,0,7,2,3.02932,45.5,1
43,2005,0,1,2,2,2,2,2,2,2,2,2,1,19,2,2.954545,29,1
44,2005,0,1,2,1,2,2,1,1,1,2,1,1,14,,2.52769,44.5,1
47,2005,1,1,,,,,,,,,,,,5,3.05458,77.5,1
48,2005,0,1,2,1,0,0,1,1,1,2,2,0,10,2,2.9316,70,1
49,2005,0,1,2,0,2,2,0,0,2,1,0,1,10,2,2.640125,63.5,1
50,2005,0,1,1,0,0,0,1,0,1,2,0,0,5,2,2.46334,29.5,1
52,2005,0,1,2,0,1,1,1,0,1,1,1,1,9,2,2.697015,17,1
53,2005,0,1,1,0,0,0,1,0,0,1,1,0,4,2,2.672765,57,1
55,2005,1,1,2,0,2,2,1,2,1,1,1,1,13,5,2.998725,107.5,1
57,2005,1,1,,,,,,,,,,,,1,2.68867,4,1
59,2005,0,1,1,0,0,0,0,0,1,1,0,0,3,2,2.199795,22,1
60,2005,0,1,1,1,1,1,0,1,1,2,0,0,8,2,2.580395,55.5,1
61,2005,0,1,1,0,0,0,1,0,0,2,1,0,5,2,2.68221,21,1
62,2005,1,1,2,2,2,2,2,2,2,2,2,1,19,1,3.14235,10,1
63,2005,0,1,2,0,1,1,1,0,1,2,1,0,9,2,2.81768,21,1
64,2005,1,1,2,1,1,1,1,1,1,1,1,1,11,4,2.626495,12,1
66,2005,1,1,2,0,2,0,1,1,1,2,1,1,11,5,3.159005,113.5,1
1,2006,1,1,2,1,2,2,1,1,1,2,2,1,15,5,3.187735,111,1
3,2006,0,1,2,2,2,1,1,1,2,1,1,0,13,2,2.402995,33,1
4,2006,1,1,2,2,1,2,1,1,1,1,2,1,14,4,3.16963,20,1
6,2006,0,1,2,2,2,2,1,1,1,2,1,1,15,4,1.9863,19.5,1
8,2006,1,1,,,,,,,,,,,,1,2.53919,7,1
9,2006,0,1,,,,,,,,,,,,2,2.33476,31.5,1
10,2006,0,1,2,1,2,1,2,1,1,1,1,1,13,2,2.864935,32.5,1
11,2006,0,1,2,0,0,0,1,1,1,2,1,0,8,1,2.67103,24.5,1
14,2006,1,1,2,1,1,1,2,1,1,1,1,1,12,5,3.0231,89.5,1
15,2006,0,1,2,2,2,1,2,1,2,1,1,1,15,2,2.880065,27,1
17,2006,1,1,2,1,1,2,0,1,2,1,1,1,12,5,3.04513,95,1
19,2006,0,1,,,,,,,,,,,,1,2.55744,3.5,1
21,2006,0,1,,,,,,,,,,,,1,2.61316,7,1
22,2006,0,1,2,0,2,1,2,1,1,2,1,1,13,2,2.96974,77.5,1
23,2006,1,1,2,2,2,2,2,2,2,2,1,2,19,4,2.839935,17.5,1
24,2006,0,1,2,2,1,1,1,1,2,2,2,1,15,2,3.41413,30,1
25,2006,1,1,2,2,2,2,1,1,2,2,2,1,17,5,3.089995,97.5,1
26,2006,0,1,,,,,,,,,,,,,2.206435,6.5,1
27,2006,0,1,2,1,2,2,2,2,2,2,1,2,18,2,2.384465,35,1
35,2006,0,1,2,0,0,1,1,0,1,2,1,0,8,2,2.829175,52,1
37,2006,1,1,,,,,,,,,,,,1,3.44294,2.5,1
40,2006,0,1,,,,,,,,,,,,4,1.83413,4,1
41,2006,0,1,2,1,1,2,0,1,1,2,1,1,12,4,2.392315,4.5,1
42,2006,0,1,1,0,0,0,1,0,1,1,1,0,5,2,3.171575,38.5,1
43,2006,0,1,2,1,2,1,2,2,2,2,1,1,16,2,2.99399,28,1
44,2006,0,1,1,0,0,0,0,1,1,1,1,0,5,2,2.6608,48.5,1
47,2006,1,1,1,1,1,1,2,1,1,1,1,0,10,5,3.02671,94.5,1
48,2006,0,1,2,1,2,2,1,1,1,0,1,0,11,2,2.666915,67,1
49,2006,0,1,2,0,1,1,0,1,1,2,1,0,9,2,2.754305,63.5,1
50,2006,0,1,1,0,0,0,1,1,1,2,1,0,7,2,2.324035,26,1
52,2006,0,1,,,,,,,,,,,,2,2.979915,15.5,1
53,2006,0,1,2,0,0,0,1,1,1,2,1,0,8,2,2.745105,57.5,1
55,2006,1,1,2,0,1,2,1,2,1,1,1,1,12,5,3.069115,101.5,1
57,2006,1,1,1,1,2,2,1,1,1,2,1,0,12,1,2.466405,4,1
59,2006,0,1,2,0,1,0,1,1,1,1,1,1,9,2,2.58216,28,1
60,2006,0,1,2,1,1,1,1,1,2,1,1,0,11,2,2.770385,53,1
61,2006,0,1,2,1,2,2,1,2,2,1,1,0,14,2,2.742655,19,1
62,2006,1,1,2,2,2,2,2,1,1,2,1,1,16,1,3.31679,5.5,1
63,2006,0,1,1,1,2,1,1,0,1,2,1,1,11,2,2.697725,29,1
64,2006,1,1,2,1,1,1,1,0,1,2,1,0,10,4,2.172045,8.5,1
66,2006,1,1,2,2,2,2,1,2,1,2,1,1,16,5,3.113505,102.5,1
1,2007,1,1,2,1,2,2,2,1,1,2,2,1,16,5,3.231315,111.5,1
3,2007,0,1,2,1,1,1,1,2,1,1,1,1,12,2,2.516905,23,1
4,2007,1,1,2,1,2,1,0,1,1,2,2,0,12,4,3.01049,11.5,1
6,2007,0,1,2,2,2,2,1,1,2,2,1,1,16,4,2.428145,19.5,1
8,2007,1,1,2,2,2,2,2,1,2,2,1,1,17,1,2.78315,5,1
9,2007,0,1,2,0,0,0,1,0,1,1,1,0,6,,2.58563,44,1
10,2007,0,1,2,2,2,2,2,2,2,2,2,1,19,2,2.861085,43.5,1
11,2007,0,1,2,1,1,1,0,0,1,0,1,0,7,1,2.8032,21.5,1
14,2007,1,1,2,0,1,0,1,1,1,1,1,1,9,5,2.92463,104,1
15,2007,0,1,2,1,1,2,2,1,1,1,1,1,13,2,2.660335,34,1
17,2007,1,1,2,1,2,1,1,1,1,0,1,1,11,5,3.1316,111,1
19,2007,0,1,0,0,1,0,1,1,0,0,1,0,4,1,3.028555,5,1
20,2007,1,1,,,,,,,,,,,,,3.18187,15,1
21,2007,0,1,1,1,1,0,2,1,2,1,1,1,11,1,2.914685,6.5,1
22,2007,0,1,2,2,2,2,2,2,1,2,1,2,18,2,2.945375,84.5,1
23,2007,1,1,2,2,2,2,2,1,2,2,1,2,18,4,3.040525,20,1
24,2007,0,1,2,2,2,2,2,1,2,1,2,2,18,2,3.115055,28,1
25,2007,1,1,2,2,2,2,2,2,2,1,2,2,19,5,3.112315,110,1
26,2007,0,1,0,0,0,0,1,1,1,2,1,0,6,,1.84158,7,1
27,2007,0,1,2,2,2,2,2,1,2,2,1,1,17,2,2.500695,38,1
29,2007,0,1,,,,,,,,,,,,,3.14074,5,1
31,2007,0,1,,,,,,,,,,,,4,2.88782,14,1
35,2007,0,1,1,0,1,0,1,1,1,1,1,0,7,2,2.8277,56.5,1
41,2007,0,1,2,2,2,2,1,2,2,1,1,1,16,4,2.25676,5.5,1
42,2007,0,1,2,2,2,2,2,1,1,2,2,1,17,2,2.93072,39.5,1
43,2007,0,1,1,0,0,1,1,0,0,1,1,0,5,2,3.00277,30,1
44,2007,0,1,1,0,0,0,0,0,1,1,1,0,4,2,2.614365,42,1
47,2007,1,1,1,1,2,2,2,1,2,2,1,1,15,5,3.109165,61.5,1
48,2007,0,1,2,0,1,1,1,1,1,1,1,0,9,2,2.706115,59,1
49,2007,0,1,2,1,2,1,1,1,1,1,1,1,12,2,2.81218,56,1
50,2007,0,1,2,0,0,0,1,1,1,1,1,0,7,2,2.57603,25.5,1
51,2007,0,1,,,,,,,,,,,,2,2.77444,27.5,1
52,2007,0,1,,,,,,,,,,,,2,2.594815,11,1
53,2007,0,1,2,0,0,0,1,0,1,0,1,0,5,2,2.74848,55,1
55,2007,1,1,2,1,2,2,1,2,1,1,2,1,15,5,3.15764,102,1
57,2007,1,1,2,2,2,2,1,1,1,1,1,1,14,1,2.83728,3,1
58,2007,0,1,,,,,,,,,,,,2,2.87272,24,1
59,2007,0,1,2,2,2,2,2,2,2,1,1,2,18,2,2.581405,28.5,1
60,2007,0,1,0,0,0,0,1,0,0,0,0,0,1,2,2.538235,47.5,1
61,2007,0,1,2,0,2,1,1,1,2,1,1,1,12,2,2.717855,26,1
62,2007,1,1,,,,,,,,,,,,1,3.12477,2,1
63,2007,0,1,1,0,1,0,1,0,1,2,1,0,7,2,2.48712,29.5,1
64,2007,1,1,2,2,2,2,2,2,1,2,1,1,17,4,2.731245,5.5,1
66,2007,1,1,2,2,2,2,2,2,2,2,1,1,18,5,3.06898,107,1
1,2008,1,1,1,1,2,1,2,2,1,2,2,1,15,5,3.202485,113.5,1
3,2008,0,1,2,1,1,1,0,0,1,2,1,1,10,2,2.81814,11.5,1
4,2008,1,1,2,0,2,2,1,0,1,1,1,0,10,4,3.07053,20,1
5,2008,1,1,,,,,,,,,,,,1,2.78832,42,1
6,2008,0,1,2,2,2,2,2,1,1,2,1,1,16,4,2.29255,22.5,1
8,2008,1,1,,,,,,,,,,,,1,3.13581,3,1
9,2008,0,1,0,0,0,0,1,0,0,0,0,0,1,2,2.705425,45.5,1
10,2008,0,1,2,2,2,2,2,2,1,2,1,2,18,2,2.84381,47.5,1
11,2008,0,1,2,1,2,1,1,1,1,1,1,1,12,1,2.67205,21,1
14,2008,1,1,2,1,2,2,2,1,2,2,1,1,16,5,2.9366,98,1
15,2008,0,1,2,2,2,2,1,1,2,2,1,1,16,2,2.74524,29.5,1
16,2008,1,1,7,7,7,7,7,7,7,7,7,7,70,5,3.009475,102,1
17,2008,1,1,2,2,2,2,2,2,2,2,2,2,20,5,3.159705,113,1
19,2008,0,1,2,2,2,2,2,2,2,2,2,1,19,1,3.497165,2,1
20,2008,1,1,,,,,,,,,,,,,3.114175,6,1
21,2008,0,1,2,2,2,2,2,2,1,2,1,2,18,1,2.9592,15.5,1
22,2008,0,1,2,2,2,2,2,2,2,1,1,2,18,2,2.86208,95,1
23,2008,1,1,2,2,2,2,2,2,2,2,1,1,18,4,2.970065,12,1
24,2008,0,1,2,2,2,2,2,2,2,2,2,1,19,2,2.873775,27,1
25,2008,1,1,2,2,2,2,2,2,2,1,2,2,19,5,3.18422,114,1
26,2008,0,1,0,0,0,0,1,0,0,0,0,0,1,,2.06588,6,1
27,2008,0,1,2,2,2,2,2,2,2,2,1,1,18,2,2.640005,34,1
29,2008,0,1,,,,,,,,,,,,1,3.185455,6,1
31,2008,0,1,2,2,2,2,2,2,2,1,1,1,17,4,2.55338,12.5,1
35,2008,0,1,1,0,0,0,1,0,1,2,1,0,6,2,2.887655,60,1
37,2008,1,1,,,,,,,,,,,,1,2.265355,3,1
40,2008,0,1,2,2,2,1,1,1,1,1,1,1,13,4,2.03963,6,1
41,2008,0,1,2,2,2,2,2,2,2,2,1,2,19,4,2.495315,7.5,1
42,2008,0,1,2,1,2,2,2,2,2,2,2,2,19,2,2.95834,36,1
43,2008,0,1,1,0,1,0,1,1,1,0,0,0,5,2,2.664765,18,1
44,2008,0,1,2,0,1,1,1,2,1,1,1,1,11,2,2.466955,34,1
47,2008,1,1,1,2,2,2,2,2,2,1,2,1,17,5,3.16077,107.5,1
48,2008,0,1,2,1,1,1,1,1,1,1,0,0,9,2,2.720755,67,1
49,2008,0,1,2,1,1,1,1,1,1,1,1,0,10,2,2.83375,58,1
50,2008,0,1,1,0,1,0,1,0,1,2,1,0,7,2,2.32066,23,1
51,2008,0,1,2,1,2,2,2,2,1,1,1,1,15,2,2.72869,41.5,1
52,2008,0,1,,,,,,,,,,,,2,2.473425,4.5,1
53,2008,0,1,2,0,1,0,1,1,1,1,1,1,9,2,2.860675,66.5,1
55,2008,1,1,2,1,2,1,2,1,1,2,2,1,15,5,3.180785,115,1
57,2008,1,1,,,,,,,,,,,,1,2.4564,3,1
58,2008,0,1,1,0,1,1,2,2,1,1,1,0,10,2,2.94728,30,1
59,2008,0,1,2,1,2,1,1,2,1,2,1,1,14,2,2.53607,41,1
60,2008,0,1,2,1,1,0,1,1,2,1,1,1,11,2,2.765565,41.5,1
61,2008,0,1,2,2,2,2,1,1,1,1,1,1,14,2,2.71993,27,1
62,2008,1,1,2,1,2,1,1,1,1,1,0,1,11,1,2.19771,5.5,1
63,2008,0,1,2,1,1,1,1,1,1,2,1,0,11,2,2.438485,28.5,1
64,2008,1,1,,,,,,,,,,,,4,2.85664,3,0
66,2008,1,1,2,2,2,2,2,2,1,2,2,2,19,5,3.132275,118.5,1
1,2009,1,1,2,2,2,2,2,2,2,2,2,2,20,5,3.135945,120,1
3,2009,0,1,2,1,0,0,0,1,1,0,0,0,5,2,2.77414,12,1
4,2009,1,1,2,2,2,2,2,2,2,2,2,2,20,4,3.20005,20,1
5,2009,1,1,2,1,2,2,2,2,2,2,1,1,17,1,3.05052,58,1
6,2009,0,1,2,2,2,2,1,2,2,2,1,2,18,4,2.398145,20.5,1
8,2009,1,1,,,,,,,,,,,,1,3.202565,2.5,1
9,2009,0,1,2,1,2,1,1,2,2,2,1,0,14,2,2.7335,48,1
10,2009,0,1,2,1,2,2,2,2,2,2,1,2,18,2,2.824835,56,1
11,2009,0,1,2,1,2,1,1,0,1,2,1,1,12,1,2.33758,17.5,1
14,2009,1,1,2,1,2,2,2,2,1,2,1,2,17,5,3.07708,92,1
15,2009,0,1,2,1,2,2,2,2,2,2,1,1,17,2,2.8476,21.5,1
16,2009,1,1,2,2,2,2,1,1,2,2,1,2,17,5,3.06431,120,1
17,2009,1,1,2,2,2,2,2,2,2,2,2,2,20,5,3.177655,120.5,1
19,2009,0,1,2,1,2,1,1,2,2,2,0,2,15,1,2.16006,4,1
21,2009,0,1,2,1,2,1,2,2,1,2,2,1,16,1,3.07294,14.5,1
22,2009,0,1,1,0,0,0,1,0,1,1,1,0,5,2,2.776075,86,1
23,2009,1,1,2,2,2,2,2,2,2,2,1,2,19,4,2.84951,9,1
24,2009,0,1,2,2,2,2,2,1,2,2,1,2,18,2,2.877805,25,1
25,2009,1,1,2,2,2,2,2,2,2,2,2,2,20,5,3.12685,128,1
26,2009,0,1,0,0,1,0,1,0,0,1,0,0,3,,2.59869,5.5,1
27,2009,0,1,2,1,2,1,2,1,2,2,1,1,15,2,2.623675,31.5,1
29,2009,0,1,1,0,2,1,1,1,0,1,1,0,8,1,3.07361,8.5,1
31,2009,0,1,2,0,2,1,1,1,1,1,0,0,9,4,2.61583,14.5,1
35,2009,0,1,2,0,2,0,2,2,2,2,1,1,14,2,2.6676,62.5,1
37,2009,1,1,2,2,2,2,2,2,2,2,2,2,20,1,3.126925,5.5,1
40,2009,0,1,2,1,2,1,1,0,1,0,0,0,8,4,1.99063,6.5,1
41,2009,0,1,2,2,2,2,2,2,2,2,2,2,20,4,2.90759,7.5,1
42,2009,0,1,2,0,2,1,1,1,2,2,1,1,13,2,2.983865,48,1
43,2009,0,1,2,1,2,2,1,1,2,1,1,1,14,2,3.04206,13.5,1
44,2009,0,1,2,1,2,2,1,2,2,2,1,2,17,2,2.37554,28.5,1
45,2009,0,1,2,1,1,2,1,0,1,2,1,1,12,1,2.849365,5,1
47,2009,1,1,2,1,2,2,2,2,2,2,1,2,18,5,3.0292,121,1
48,2009,0,1,2,0,1,0,1,2,1,2,1,1,11,2,2.784485,68.5,1
49,2009,0,1,2,1,2,1,2,2,2,2,1,1,16,2,2.77096,60.5,1
50,2009,0,1,2,0,1,0,1,1,1,2,2,0,10,2,2.890265,20.5,1
51,2009,0,1,2,0,1,0,2,2,0,1,1,1,10,2,2.617105,65.5,1
52,2009,0,1,,,,,,,,,,,,2,3.32943,3.5,0
53,2009,0,1,2,0,1,0,1,0,1,1,0,0,6,2,2.6912,69.5,1
55,2009,1,1,2,2,2,2,2,2,2,2,2,2,20,5,3.10309,122,1
57,2009,1,1,,,,,,,,,,,,1,2.66666,3.5,1
58,2009,0,1,2,2,2,2,2,2,2,2,2,2,20,2,2.96974,41,1
59,2009,0,1,2,2,2,2,2,2,2,2,1,2,19,2,2.520795,53.5,1
60,2009,0,1,1,0,0,0,0,0,1,1,0,0,3,2,2.45598,21.5,1
61,2009,0,1,2,1,2,2,2,1,1,2,0,1,14,2,2.79972,34.5,1
62,2009,1,1,2,2,2,2,1,2,1,2,1,1,16,1,2.6609,5,1
63,2009,0,1,2,0,2,2,1,0,1,1,2,0,11,2,3.05565,18,1
66,2009,1,1,2,1,2,0,1,1,2,2,2,1,14,5,3.13318,134,1
1,2010,1,1,2,1,2,2,2,2,2,2,1,2,18,5,3.195335,134,1
3,2010,0,1,2,2,2,2,2,1,2,2,1,2,18,2,2.62982,18.5,1
4,2010,1,1,2,2,2,2,2,2,2,2,2,2,20,4,3.34532,13.5,1
5,2010,1,1,2,2,2,1,1,2,2,2,1,1,16,1,3.046725,62.5,1
6,2010,0,1,2,2,2,2,1,2,2,2,1,1,17,4,2.63316,15,1
8,2010,1,1,,,,,,,,,,,,1,1.97773,2,1
9,2010,0,1,2,1,2,1,2,2,2,1,1,1,15,2,2.82938,44.5,1
10,2010,0,1,2,1,2,2,2,2,2,2,1,2,18,2,2.9591,61.5,1
11,2010,0,1,1,0,0,0,1,0,1,2,1,0,6,1,2.617155,14.5,0
14,2010,1,1,2,2,2,2,2,2,2,2,2,2,20,5,3.13799,114.5,1
15,2010,0,1,2,2,2,2,2,2,2,2,1,1,18,2,2.64207,23,1
16,2010,1,1,2,2,2,2,2,2,2,1,1,2,18,5,3.06771,112,1
17,2010,1,1,2,2,2,2,2,2,2,2,2,2,20,5,3.165155,121.5,1
19,2010,0,1,2,2,1,1,2,1,2,2,1,1,15,1,2.61405,2.5,0
21,2010,0,1,2,2,2,2,2,1,1,1,2,2,17,1,3.17986,14.5,1
22,2010,0,1,2,1,2,2,2,1,2,2,0,2,16,2,2.789655,74.5,1
23,2010,1,1,2,2,2,2,2,2,2,2,1,2,19,4,2.8002,12,1
24,2010,0,1,2,2,2,2,2,2,1,1,1,1,16,2,3.05426,26.5,1
25,2010,1,1,2,2,2,2,2,2,2,1,2,2,19,5,3.13946,124.5,1
26,2010,0,1,2,1,2,1,1,1,1,1,1,1,12,1,2.66554,5.5,1
27,2010,0,1,2,2,2,2,2,2,2,2,1,2,19,2,2.728775,35.5,1
29,2010,0,1,2,2,2,2,1,1,2,1,1,2,16,1,2.748865,7,1
31,2010,0,1,2,2,2,1,2,1,1,2,1,2,16,4,2.51671,17.5,1
35,2010,0,1,2,0,2,1,2,2,2,1,1,2,15,2,2.846765,58,1
37,2010,1,1,2,2,2,2,1,2,2,2,2,1,18,1,3.210735,5,1
40,2010,0,1,,,,,,,,,,,,4,2.0718,6,1
41,2010,0,1,2,2,2,2,2,2,2,2,1,2,19,4,2.584,9.5,1
42,2010,0,1,1,2,2,1,2,0,1,2,1,1,13,2,2.88705,54.5,1
43,2010,0,1,2,1,2,2,1,2,2,2,1,1,16,2,2.64265,18,1
44,2010,0,1,2,2,1,2,1,1,1,2,1,1,14,2,2.57241,21,0
45,2010,0,1,2,2,2,2,1,1,1,2,1,2,16,1,2.69025,11.5,1
47,2010,1,1,2,1,2,2,2,2,2,2,1,2,18,5,2.96251,112,1
48,2010,0,1,2,2,2,2,2,2,2,2,1,1,18,2,2.85295,66,1
49,2010,0,1,2,1,2,2,2,2,2,2,1,1,17,2,2.67611,63.5,1
50,2010,0,1,2,1,1,2,1,1,2,1,1,0,12,2,2.893295,22.5,1
51,2010,0,1,2,1,2,0,1,1,1,2,1,1,12,2,2.714765,67,1
53,2010,0,1,2,1,2,0,1,1,1,2,1,1,12,2,2.697395,69,1
55,2010,1,1,2,2,2,2,2,2,1,0,1,1,15,5,3.08124,121,1
57,2010,1,1,1,0,0,0,1,0,0,1,1,0,4,1,3.08843,4,1
58,2010,0,1,2,2,2,2,2,2,2,2,2,2,20,2,2.986855,53,1
59,2010,0,1,2,1,2,2,1,1,2,2,1,1,15,2,2.50927,57.5,1
60,2010,0,1,2,2,2,2,2,2,2,2,1,2,19,2,2.61991,18.5,1
61,2010,0,1,2,1,2,1,2,2,1,1,1,1,14,2,2.67168,44.5,1
62,2010,1,1,2,1,2,1,1,2,2,1,1,1,14,1,2.90516,7.5,1
63,2010,0,1,2,2,0,2,1,2,2,2,2,1,16,2,3.116305,18,1
66,2010,1,1,2,2,2,2,2,2,2,2,2,2,20,5,3.265665,131,1
1,2011,1,1,2,2,2,2,2,2,2,2,2,2,20,5,3.196685,129.5,1
3,2011,0,1,2,2,2,2,1,2,2,2,1,1,17,2,2.32935,24.5,1
4,2011,1,1,2,2,2,2,2,2,2,2,2,2,20,4,3.41429,19,1
5,2011,1,1,2,2,2,2,2,2,2,2,1,2,19,1,3.095395,43.5,1
6,2011,0,1,2,1,2,2,1,1,1,1,1,1,13,4,2.29637,18,1
8,2011,1,1,,,,,,,,,,,,1,2.40375,3.5,1
9,2011,0,1,2,1,2,2,2,2,2,1,0,1,15,2,2.72245,53.5,1
10,2011,0,1,2,2,2,2,2,2,2,1,1,2,18,2,2.900995,49.5,1
14,2011,1,1,2,2,2,2,2,2,2,2,2,2,20,5,3.146975,120.5,1
15,2011,0,1,2,1,2,1,1,1,1,2,1,0,12,2,2.73734,21,1
16,2011,1,1,2,2,2,2,1,2,2,2,1,2,18,5,2.980015,105,1
17,2011,1,1,2,2,2,2,2,2,2,2,2,2,20,5,3.2051,133,1
21,2011,0,1,2,2,1,2,1,1,2,2,1,1,15,1,2.85481,11.5,1
22,2011,0,1,2,0,0,2,0,0,1,1,1,0,7,2,2.788105,78,1
23,2011,1,1,2,2,2,2,2,1,2,2,1,1,17,4,2.67082,10.5,1
24,2011,0,1,2,1,0,1,1,1,1,2,2,0,11,2,3.039535,23,1
25,2011,1,1,2,2,2,2,2,2,2,2,2,2,20,5,3.159755,124.5,1
26,2011,0,1,2,2,2,2,1,1,1,2,1,1,15,1,2.54346,4.5,1
27,2011,0,1,1,1,0,0,1,0,1,2,0,0,6,2,2.554745,35.5,1
29,2011,0,1,,,,,,,,,,,,1,2.474835,3,0
31,2011,0,1,2,2,2,2,2,2,2,2,1,2,19,4,2.4412,14,1
33,2011,1,1,2,2,2,2,2,2,2,2,2,2,20,5,3.08016,106,1
35,2011,0,1,2,1,2,2,2,2,1,2,0,2,16,2,2.72112,53.5,1
37,2011,1,1,2,2,2,2,2,2,2,1,1,0,16,1,3.0519,4,1
38,2011,1,1,,,,,,,,,,,,1,2.85976,9,1
39,2011,0,1,2,2,2,2,2,2,2,2,2,2,20,1,2.92659,14,1
40,2011,0,1,1,1,0,0,1,0,1,2,1,0,7,4,2.22606,6.5,1
41,2011,0,1,2,2,2,2,2,2,2,2,1,2,19,4,2.4954,9,1
42,2011,0,1,2,1,2,1,1,2,2,1,1,1,14,2,2.98143,50,1
43,2011,0,1,2,1,2,0,1,1,2,2,1,1,13,2,2.630055,24,1
45,2011,0,1,2,2,2,2,2,2,2,2,2,2,20,1,2.81728,8.5,1
47,2011,1,1,2,2,2,2,2,2,2,2,1,1,18,5,2.92438,119.5,1
48,2011,0,1,2,0,2,1,2,2,2,1,1,1,14,2,2.74151,72.5,1
49,2011,0,1,2,1,2,1,0,0,1,1,1,1,10,2,2.62409,65.5,1
50,2011,0,1,2,1,2,2,2,1,2,1,1,1,15,2,2.9309,26,1
51,2011,0,1,2,0,1,0,2,1,1,2,1,0,10,2,2.607815,61.5,1
53,2011,0,1,2,0,2,1,1,1,1,1,1,1,11,2,2.74043,68,1
55,2011,1,1,2,2,2,2,2,2,2,2,1,2,19,5,3.006305,130,1
57,2011,1,1,2,1,2,2,2,2,2,2,1,2,18,1,2.547955,7,1
58,2011,0,1,2,2,2,2,2,2,2,1,2,2,19,2,3.124665,53,1
59,2011,0,1,2,1,2,2,2,2,2,1,1,1,16,2,2.679345,53,1
60,2011,0,1,2,1,2,1,2,2,1,1,1,1,14,2,2.520535,31,1
61,2011,0,1,2,2,2,2,2,2,2,1,1,1,17,2,2.86179,54,1
62,2011,1,1,2,2,2,2,2,2,2,2,2,1,19,1,3.07511,3.5,1
63,2011,0,1,2,2,1,2,1,2,1,2,2,2,17,2,3.016575,20.5,1
64,2011,1,1,,,,,,,,,,,,4,2.57923,12,1
66,2011,1,1,2,2,2,2,2,2,2,2,2,2,20,5,3.250585,120.5,1
1,2012,1,1,2,2,2,2,2,2,2,2,2,2,20,5,3.221455,130,1
3,2012,0,1,2,2,1,2,1,1,2,1,1,1,14,2,2.218625,19,1
4,2012,1,1,2,2,2,2,2,2,2,2,2,2,20,4,3.38843,22,1
5,2012,1,1,2,2,2,2,2,2,2,2,1,2,19,1,3.22937,44,1
6,2012,0,1,2,2,1,2,2,1,2,1,1,2,16,4,2.65421,10,1
8,2012,1,1,,,,,,,,,,,,1,2.39324,4.5,1
9,2012,0,1,2,1,2,1,1,1,2,1,1,1,13,2,2.708,68.5,1
10,2012,0,1,2,1,2,2,2,2,2,1,2,2,18,2,3.02485,46.5,1
14,2012,1,1,2,2,2,2,2,2,2,2,1,2,19,5,3.168775,124.5,1
15,2012,0,1,2,1,2,2,2,2,2,1,1,1,16,2,2.721085,26.5,1
16,2012,1,1,2,2,1,2,2,2,2,2,1,1,17,5,3.06119,88.5,1
17,2012,1,1,2,2,2,2,2,2,2,2,1,2,19,5,3.156405,135.5,1
18,2012,0,1,,,,,,,,,,,,2,2.74006,11,1
21,2012,0,1,2,2,1,1,2,2,2,2,1,1,16,1,2.981755,15,1
22,2012,0,1,2,1,1,2,0,1,1,0,0,1,9,2,2.80918,57.5,1
23,2012,1,1,2,2,2,2,2,2,2,2,1,2,19,4,2.760575,12.5,1
24,2012,0,1,2,2,2,2,2,2,2,1,1,2,18,2,3.21088,11.5,1
25,2012,1,1,2,2,2,2,2,2,2,2,2,2,20,5,3.19067,135.5,1
26,2012,0,1,2,2,2,2,2,2,2,2,2,2,20,1,3.022235,4.5,1
27,2012,0,1,2,1,1,1,0,1,1,2,1,1,11,2,2.37116,32,1
31,2012,0,1,2,2,2,1,2,2,1,2,1,2,17,4,2.56405,13.5,1
33,2012,1,1,2,2,1,2,2,2,2,1,1,1,16,5,3.099945,126,1
35,2012,0,1,2,0,1,1,2,1,1,2,1,0,11,2,2.71999,50,1
36,2012,0,1,2,1,1,2,2,2,1,2,0,1,14,2,2.70119,28.5,1
37,2012,1,1,2,2,2,2,2,2,2,2,1,2,19,1,2.765675,4,1
38,2012,1,1,2,2,2,2,2,2,2,2,1,2,19,1,2.766145,12,1
39,2012,0,1,2,2,2,2,1,1,2,2,1,1,16,1,2.94151,13,1
40,2012,0,1,,,,,,,,,,,,4,2.59425,4,1
41,2012,0,1,2,2,2,2,2,1,2,2,1,1,17,4,2.284115,7.5,1
42,2012,0,1,2,2,2,2,2,2,2,2,2,1,19,2,3.12714,51,1
43,2012,0,1,1,2,1,2,0,1,1,1,1,1,11,2,2.804715,36.5,1
45,2012,0,1,2,2,2,1,2,2,2,2,1,2,18,1,2.7886925,6.5,1
46,2012,0,1,2,2,2,2,2,1,1,2,0,1,15,1,3.026875,17,1
47,2012,1,1,2,2,2,1,1,1,2,1,1,1,14,5,3.041095,131,1
48,2012,0,1,2,1,1,1,0,1,2,2,1,1,12,2,2.75035,71,1
49,2012,0,1,1,1,2,2,2,1,1,0,1,1,12,2,2.809385,61,1
50,2012,0,1,2,1,1,0,1,0,2,1,1,1,10,2,3.10118,27.5,1
51,2012,0,1,2,0,1,0,2,1,1,0,1,1,9,2,2.51636,51.5,1
53,2012,0,1,2,2,2,2,2,2,1,0,1,2,16,2,2.764425,60.5,1
55,2012,1,1,2,2,2,2,2,1,2,2,1,2,18,5,3.04813,125,1
57,2012,1,1,2,2,2,2,1,2,2,2,1,1,17,1,2.903595,5.5,1
58,2012,0,1,2,2,2,2,2,2,2,1,1,2,18,2,3.069315,71.5,1
59,2012,0,1,2,0,1,0,1,1,2,2,1,1,11,2,2.74737,56,1
60,2012,0,1,2,1,2,2,2,2,2,2,1,2,18,2,2.79095,33,1
61,2012,0,1,2,0,1,0,1,2,2,2,1,1,12,2,2.85629,62,1
62,2012,1,1,2,2,2,2,2,2,2,2,2,2,20,1,3.19779,4.5,1
63,2012,0,1,2,0,2,0,2,1,2,1,2,1,13,2,3.08775,25.5,1
64,2012,1,1,2,2,1,2,2,2,2,2,1,2,18,4,2.76346,9,1
66,2012,1,1,2,2,2,2,2,2,2,1,2,2,19,5,3.266835,131.5,1
1,2013,1,1,2,2,2,2,2,2,2,2,2,2,20,5,3.26823,135,1
3,2013,0,1,,,,,,,,,,,,2,2.505285,13.5,1
4,2013,1,1,2,2,2,2,2,2,2,2,2,2,20,4,3.319385,26,1
5,2013,1,1,2,2,2,2,2,2,2,2,1,2,19,3,3.09461,38.5,1
6,2013,0,1,2,2,2,2,1,0,1,2,2,1,15,4,2.778585,13,1
8,2013,1,1,2,2,2,2,1,1,2,2,1,2,17,3,3.29884,5,1
9,2013,0,1,2,2,2,1,2,1,1,0,1,1,13,2,2.746425,53.5,0
10,2013,0,1,2,2,2,2,2,1,2,2,1,2,18,2,3.13117,41.5,1
14,2013,1,1,2,2,2,2,2,1,2,2,2,1,18,5,3.22758,136.5,1
15,2013,0,1,2,0,1,2,2,1,1,0,1,1,11,2,2.685425,33,1
16,2013,1,1,2,1,2,1,2,2,1,2,1,1,15,5,3.08362,82,0
17,2013,1,1,2,2,2,2,2,2,2,1,2,2,19,5,3.190905,127,1
18,2013,0,1,2,2,1,1,2,1,1,2,1,1,14,2,2.84439,14,1
21,2013,0,1,2,2,2,2,2,1,1,2,1,1,16,3,2.96849,13,1
22,2013,0,1,2,2,1,2,2,1,1,2,1,1,15,2,2.822085,55.5,1
23,2013,1,1,2,2,2,2,2,2,2,2,2,2,20,4,2.909145,12.5,1
24,2013,0,1,2,2,2,2,2,2,2,2,2,2,20,2,3.08043,18,1
25,2013,1,1,2,2,2,2,2,2,2,2,2,2,20,5,3.24481,135,1
26,2013,0,1,2,0,2,2,2,1,1,2,1,1,14,1,2.72768,4.5,1
27,2013,0,1,2,1,1,1,2,1,1,2,1,1,13,2,2.48916,37,1
31,2013,0,1,2,2,2,2,2,1,2,2,1,2,18,4,2.555275,16.5,1
33,2013,1,1,2,2,2,2,2,2,1,1,1,2,17,5,3.16346,122,1
34,2013,1,1,2,2,2,1,2,2,2,2,1,1,17,3,3.08711,11,1
35,2013,0,1,0,0,1,0,0,0,0,0,0,0,1,2,2.70905,36,1
36,2013,0,1,2,1,2,2,2,1,2,1,1,2,16,2,2.822565,42,1
37,2013,1,1,2,2,2,2,2,2,2,2,1,2,19,3,2.834505,4.5,1
38,2013,1,1,2,2,2,2,2,2,2,2,1,2,19,3,2.934875,9.5,1
39,2013,0,1,2,2,2,2,2,1,2,1,1,2,17,3,2.49399,9,1
40,2013,0,1,2,2,2,2,2,2,1,2,1,1,17,4,2.89801,4,1
41,2013,0,1,,,,,,,,,,,,4,2.28511,3.5,1
42,2013,0,1,2,0,1,1,1,1,2,2,1,1,12,2,3.012305,54,1
43,2013,0,1,2,2,2,2,2,2,2,2,1,2,19,2,2.911515,41,1
45,2013,0,1,2,2,2,2,2,1,2,1,2,2,18,3,3.530275,4,1
46,2013,0,1,1,2,2,2,1,1,2,2,1,1,15,3,3.009585,19,1
47,2013,1,1,2,1,2,1,1,2,1,1,2,1,14,5,3.17367,125.5,1
48,2013,0,1,2,1,2,2,2,2,1,0,1,1,14,2,2.77592,81.5,0
49,2013,0,1,2,1,2,2,2,2,2,1,1,1,16,2,2.844875,53,1
50,2013,0,1,2,1,2,1,2,1,2,1,1,1,14,2,2.96585,24.5,1
51,2013,0,1,2,2,1,2,2,1,2,1,1,2,16,2,2.361115,20,1
53,2013,0,1,2,2,2,2,2,2,2,2,2,2,20,2,3.053485,57.5,1
55,2013,1,1,2,1,2,2,2,1,1,1,1,2,15,5,3.10675,117,1
57,2013,1,1,2,1,1,2,1,1,1,1,1,1,12,3,3.229145,5,1
58,2013,0,1,2,2,2,2,2,2,1,2,2,1,18,2,3.077835,72.5,1
59,2013,0,1,2,2,1,2,1,1,1,2,1,1,14,2,2.806905,72,1
60,2013,0,1,2,0,1,0,1,1,1,2,1,0,9,2,2.66519,44.5,1
61,2013,0,1,2,1,2,2,2,2,2,1,1,1,16,2,2.84335,69,1
62,2013,1,1,,,,,,,,,,,,3,3.34784,2.5,1
63,2013,0,1,2,1,2,2,2,2,2,1,2,1,17,2,3.0607,19.5,1
64,2013,1,1,2,1,1,1,2,2,1,1,1,1,13,4,2.37753,6,1
66,2013,1,1,2,2,2,2,2,2,2,2,2,2,20,5,3.18498,132,1
1,2014,1,1,2,1,2,1,2,2,2,2,2,2,18,5,3.24973,137.5,1
3,2014,0,1,2,2,1,2,2,2,2,1,1,2,17,2,3.032005,18.5,1
4,2014,1,1,2,2,2,2,2,2,2,2,2,2,20,4,3.32246,15.5,1
5,2014,1,1,2,2,1,2,2,1,2,2,1,1,16,5,3.04885,37.5,1
6,2014,0,1,2,2,1,2,1,1,2,2,1,1,15,4,2.737945,8,1
8,2014,1,1,2,2,1,2,1,2,2,2,1,1,16,3,3.07024,4.5,1
10,2014,0,1,2,2,2,2,1,2,2,1,1,2,17,2,3.167765,38,1
14,2014,1,1,2,2,2,1,2,2,2,2,1,2,18,5,3.2281,136,1
15,2014,0,1,2,1,2,1,2,2,2,1,1,2,16,2,2.896845,35,1
17,2014,1,1,2,2,2,2,2,2,2,2,2,2,20,5,3.22216,142.5,1
18,2014,0,1,1,0,0,0,1,1,2,1,1,1,8,,2.770125,33,0
21,2014,0,1,1,0,1,1,1,1,2,2,1,1,11,3,2.9545,10.5,1
22,2014,0,1,2,2,2,2,2,2,2,2,1,1,18,2,2.8907,68,1
23,2014,1,1,2,2,2,2,2,2,2,2,2,1,19,4,2.893505,19.5,1
24,2014,0,1,2,2,2,2,2,2,2,2,1,2,19,2,2.988555,20,1
25,2014,1,1,2,2,2,1,2,2,2,2,2,1,18,5,3.193895,126,1
26,2014,0,1,0,0,0,0,1,0,1,1,1,0,4,3,3.0757,5,1
27,2014,0,1,2,2,2,2,2,2,2,2,1,2,19,2,2.99083,30.5,1
31,2014,0,1,2,2,1,1,2,1,1,2,1,1,14,4,2.584085,13.5,1
32,2014,1,1,,,,,,,,,,,,5,3.22254,118,1
33,2014,1,1,2,2,2,2,2,2,2,2,2,2,20,5,3.206715,134.5,1
34,2014,1,1,2,2,2,2,2,2,2,2,1,2,19,3,3.263295,16,1
35,2014,0,1,2,2,1,1,0,2,2,1,1,2,14,2,2.95428,21.5,1
36,2014,0,1,2,2,2,2,2,2,2,2,2,2,20,2,3.10009,42,1
37,2014,1,1,,,,,,,,,,,,3,3.04111,5.5,1
38,2014,1,1,2,2,2,2,2,2,2,2,1,1,18,3,2.94019,15,1
39,2014,0,1,2,1,2,2,2,2,2,2,1,1,17,3,2.50605,7.5,1
40,2014,0,1,1,1,2,1,1,1,1,2,1,1,12,4,2.830635,6.5,1
41,2014,0,1,,,,,,,,,,,,,2.02312,4.5,0
42,2014,0,1,2,1,2,2,2,1,2,2,1,1,16,2,3.04265,57.5,1
43,2014,0,1,2,2,2,2,2,2,2,1,2,2,19,2,3.01828,45,1
45,2014,0,1,,,,,,,,,,,,3,3.085655,4,1
46,2014,0,1,2,2,2,2,1,1,2,2,2,1,17,3,3.02568,21.5,1
47,2014,1,1,2,1,2,2,2,2,2,2,2,1,18,5,3.2368,131.5,1
49,2014,0,1,1,0,1,0,2,1,1,2,1,1,10,2,3.010935,64.5,0
50,2014,0,1,0,0,1,0,1,0,1,2,1,0,6,2,2.79814,24.5,1
51,2014,0,1,2,2,2,2,2,2,2,1,1,2,18,2,2.62117,15,1
53,2014,0,1,2,1,2,2,2,2,1,1,2,1,16,2,3.180505,63,1
55,2014,1,1,2,2,1,2,2,2,2,2,1,1,17,5,3.08019,134,1
57,2014,1,1,2,2,2,2,2,2,2,2,2,2,20,3,3.27547,3,1
58,2014,0,1,2,2,2,2,2,2,1,1,1,2,17,2,3.082515,92,1
59,2014,0,1,2,1,1,1,1,2,2,1,1,1,13,2,2.773305,71.5,1
60,2014,0,1,2,2,0,2,2,1,1,2,1,1,14,2,2.867355,36,1
61,2014,0,1,2,0,2,2,2,2,2,2,1,1,16,2,2.89833,78,0
62,2014,1,1,,,,,,,,,,,,3,3.01907,7.5,1
63,2014,0,1,7,2,2,2,2,2,2,2,2,1,24,2,3.223505,20.5,0
64,2014,1,1,2,2,1,2,2,2,2,2,1,1,17,4,2.46418,7.5,1
66,2014,1,1,2,2,2,0,1,2,2,2,1,2,16,5,3.199295,135.5,1
1,2015,1,1,2,0,2,2,2,2,2,2,2,2,18,5,3.266555,153.5,1
3,2015,0,1,2,2,2,2,2,2,1,2,1,2,18,2,2.9161,24,1
4,2015,1,1,2,2,2,2,2,2,2,2,2,2,20,4,3.22757,13,1
5,2015,1,1,2,1,2,2,2,2,2,2,2,1,18,5,3.189045,47.5,1
6,2015,0,1,2,1,1,1,2,1,2,1,1,1,13,4,2.67663,7.5,1
8,2015,1,1,2,2,1,1,2,1,2,1,2,1,15,3,3.02011,4.5,1
10,2015,0,1,2,1,1,2,1,1,2,1,1,1,13,2,3.19229,28.5,1
14,2015,1,1,2,2,2,2,2,2,2,2,2,2,20,5,3.252865,154.5,1
15,2015,0,1,2,1,2,1,2,2,1,1,1,2,15,2,2.841135,43.5,1
17,2015,1,1,2,2,2,2,2,2,2,2,2,2,20,5,3.22366,157,1
21,2015,0,1,2,2,1,2,2,0,1,1,1,0,12,3,2.73969,17,1
22,2015,0,1,2,2,1,2,2,2,2,1,1,1,16,2,2.971935,79,1
23,2015,1,1,2,2,2,2,2,1,2,2,2,1,18,4,2.96402,10,1
24,2015,0,1,2,0,1,1,2,1,2,1,1,1,12,2,2.99884,19,1
25,2015,1,1,2,2,2,2,2,2,2,2,1,2,19,5,3.130605,149.5,1
26,2015,0,1,0,0,1,0,1,0,0,1,0,0,3,3,2.638365,2.5,0
27,2015,0,1,2,2,2,0,2,2,1,2,1,1,15,2,2.75497,31,1
31,2015,0,1,2,1,2,2,1,1,2,2,1,1,15,4,2.121785,6,1
32,2015,1,1,2,2,2,2,2,2,2,2,1,2,19,5,3.159655,137,1
33,2015,1,1,2,2,2,2,2,2,2,2,2,2,20,5,3.210855,134,1
34,2015,1,1,2,2,2,2,2,1,2,2,1,2,18,3,3.16596,14,1
35,2015,0,1,2,2,2,0,1,2,2,2,1,2,16,2,2.665725,35.5,1
36,2015,0,1,2,2,2,2,2,2,2,2,2,2,20,2,3.159945,77,1
37,2015,1,1,2,1,2,2,2,2,2,1,2,1,17,3,3.22819,6,1
38,2015,1,1,2,2,1,2,2,1,2,2,1,1,16,3,3.030655,10,1
39,2015,0,1,2,2,2,2,2,2,2,2,1,2,19,3,2.924995,9,1
40,2015,0,1,2,2,2,2,2,2,2,2,2,2,20,4,2.778845,7,1
42,2015,0,1,2,2,2,2,2,1,1,2,2,1,17,2,3.02515,63.5,1
43,2015,0,1,2,2,1,2,2,2,2,1,1,2,17,2,2.8867,48.5,1
45,2015,0,1,,,,,,,,,,,,3,3.0272,2.5,1
46,2015,0,1,2,2,2,1,2,2,1,2,2,1,17,3,2.89108,19,1
47,2015,1,1,2,1,2,2,2,2,2,2,1,1,17,5,3.160535,143,1
50,2015,0,1,2,1,0,0,2,1,2,2,2,1,13,2,3.108125,22,1
51,2015,0,1,2,2,2,2,1,1,1,2,1,2,16,2,2.62938,15.5,1
53,2015,0,1,2,2,1,2,2,2,2,1,1,1,16,2,3.09873,74.5,1
55,2015,1,1,2,2,2,2,2,2,2,1,1,2,18,5,3.11034,138.5,1
57,2015,1,1,,,,,,,,,,,,3,2.82583,3,1
58,2015,0,1,2,2,2,2,2,2,2,2,2,2,20,2,3.14606,93.5,1
59,2015,0,1,2,2,1,2,2,2,2,1,1,1,16,2,2.82943,69,1
60,2015,0,1,2,2,2,2,2,2,2,1,1,2,18,2,2.671775,33,1
62,2015,1,1,2,2,2,2,2,2,2,2,1,2,19,3,2.791505,6.5,1
64,2015,1,1,2,1,1,2,2,2,1,2,2,1,16,4,2.841575,7,1
66,2015,1,1,2,1,2,2,1,2,2,1,1,1,15,5,3.169815,141.5,1
1,2016,1,1,2,1,2,2,2,2,2,2,2,2,19,5,3.367235,158.5,1
2,2016,0,1,2,2,2,2,2,1,2,2,1,1,17,2,3.11256,13.5,1
3,2016,0,1,2,2,2,2,2,2,2,2,2,2,20,2,3.20877,27.5,1
4,2016,1,1,2,2,2,2,2,2,2,2,2,2,20,4,3.139855,24,1
5,2016,1,1,2,1,2,1,2,2,2,2,1,1,16,5,3.224125,42,1
6,2016,0,1,2,2,2,2,2,2,1,2,2,1,18,4,2.61853,10,1
8,2016,1,1,,,,,,,,,,,,3,3.53444,3,1
9,2016,0,1,,,,,,,,,,,,3,2.95259,45.5,1
10,2016,0,1,2,2,1,2,2,2,2,1,1,1,16,2,2.893195,19.5,1
14,2016,1,1,2,1,2,2,1,2,2,2,2,2,18,5,3.301385,154.5,1
15,2016,0,1,2,2,1,2,2,2,2,1,1,1,16,2,2.765175,44,1
17,2016,1,1,2,1,1,2,2,2,2,2,2,1,17,5,3.27949,160.5,1
18,2016,0,1,2,1,2,1,2,1,2,2,1,1,15,2,3.03273,23.5,1
21,2016,0,1,2,2,2,1,2,1,1,2,1,2,16,3,2.666595,15.5,1
22,2016,0,1,2,2,2,2,1,2,1,1,1,1,15,2,2.86706,74,1
23,2016,1,1,2,2,2,2,2,2,1,2,2,2,19,4,2.995645,13.5,1
24,2016,0,1,2,1,1,1,1,1,1,2,1,1,12,2,3.13709,15,1
25,2016,1,1,2,1,2,2,2,2,2,1,1,1,16,5,3.248725,153,1
27,2016,0,1,2,2,2,2,2,2,2,2,1,2,19,2,2.75689,23,1
31,2016,0,1,,,,,,,,,,,,4,2.44944,6,1
32,2016,1,1,2,1,2,2,2,2,2,2,1,2,18,5,3.186665,142,1
33,2016,1,1,2,2,2,2,2,2,2,2,2,2,20,5,3.278235,156.5,1
34,2016,1,1,2,1,2,2,1,2,2,2,1,1,16,3,2.959735,20.5,1
35,2016,0,1,2,0,2,2,1,2,1,2,1,1,14,2,2.68881,50,1
36,2016,0,1,2,2,2,2,2,2,2,2,1,2,19,2,3.100375,89,1
37,2016,1,1,,,,,,,,,,,,3,3.13645,5,1
38,2016,1,1,2,2,2,2,1,1,1,2,1,1,15,3,2.79765,5.5,1
39,2016,0,1,2,2,2,2,2,2,2,2,2,2,20,3,2.860685,8.5,1
40,2016,0,1,2,2,2,2,2,2,2,2,2,2,20,4,2.542315,6,1
42,2016,0,1,2,2,2,2,2,2,2,2,1,2,19,2,3.110575,82,1
43,2016,0,1,2,2,2,2,2,2,2,1,1,2,18,2,3.09702,34,1
45,2016,0,1,,,,,,,,,,,,3,3.35,1.5,1
46,2016,0,1,2,2,2,2,2,1,2,2,2,1,18,3,3.15545,16,1
47,2016,1,1,2,2,2,2,2,2,2,2,1,2,19,5,3.1595,159,1
50,2016,0,1,2,1,1,0,2,2,1,2,1,1,13,2,2.8416,22.5,1
51,2016,0,1,2,1,1,1,1,1,2,2,1,1,13,2,2.42681,14,1
53,2016,0,1,2,2,2,2,2,2,2,1,1,1,17,2,3.138155,78.5,1
55,2016,1,1,2,1,2,2,2,2,1,1,1,2,16,5,3.171955,143.5,1
57,2016,1,1,,,,,,,,,,,,3, ,1,1
58,2016,0,1,2,2,2,2,2,2,2,1,2,1,18,2,3.2342,107,1
59,2016,0,1,2,2,2,2,2,2,2,2,1,2,19,2,2.90258,73,1
60,2016,0,1,2,2,2,2,2,2,2,1,1,2,18,2,2.631465,36,1
62,2016,1,1,2,2,2,2,2,2,2,2,1,2,19,3,3.372615,4,1
64,2016,1,1,2,2,2,2,2,2,2,2,2,1,19,4,2.89876,10.5,1
66,2016,1,1,2,2,2,2,2,2,2,2,1,2,19,5,3.23975,158,1
